"","Var1","Var2","Freq"
"1","A","A",6.35455604124651
"2","B","A",6.50568375964862
"3","A","B",0.0134891228620308
"4","B","B",0.01147921131041
"5","A","C",0.208896893924395
"6","B","C",0.209461248931794
